n_cargos,static_v3_cost_mean,static_v3_cost_min,static_v3_cost_max,static_v3_time_ms_median,static_v3_time_ms_min,static_v3_time_ms_max,static_v3_rounds,dynamic_v2_cost_mean,dynamic_v2_cost_min,dynamic_v2_cost_max,dynamic_v2_time_ms_median,dynamic_v2_time_ms_min,dynamic_v2_time_ms_max,dynamic_v2_rounds
1,679.0851464257669,509.8475070008873,1003.6010419630563,0.2554499988036696,0.20850000146310776,0.29739999445155263,1,509.8475070008873,509.8475070008873,509.8475070008873,0.9080500021809712,0.7836000004317611,1.3658999960171059,1
2,805.1202424434625,557.1265305512401,1184.916424166368,0.4126999992877245,0.2762000003713183,0.6506999998237006,1,617.7277260985536,617.7277260985536,617.7277260985536,1.052650000929134,1.0220999974990264,1.2387000024318695,1
3,1018.940023752515,703.6625941165325,1424.0198902022705,0.5828000030305702,0.37120000342838466,0.7952000014483929,1,779.1461888605988,710.5597676786917,909.1730580241511,1.8388500029686838,1.3548999995691702,2.351399998588022,1
4,1175.724752434586,717.8937148503651,1625.583778884268,0.675200000841869,0.5194999976083636,0.8133000010275282,1,1433.8123923854635,1433.8123923854635,1433.8123923854635,1.478750000387663,1.3986999983899295,1.7765999946277589,1
5,1621.9558881566015,1198.556342471789,2222.322739235511,0.8723499995539896,0.6819000045652501,1.0833999986061826,1,1765.4206144439536,1739.4656774225505,1805.115005887559,1.9784999967669137,1.7242999965674244,3.0695999957970344,1
6,2195.744899731477,1733.4160019712676,2742.44633595694,1.0047499999927823,0.782300005084835,1.2586999946506694,2,2109.620646060388,2083.665709038985,2149.315037503993,2.307199996721465,2.133099995262455,2.7865000010933727,2
7,2296.6069122401227,1747.9123617760347,2596.917664530369,1.1548000038601458,0.8911999975680374,1.3868000023649074,2,2202.9565161963887,2168.833583415363,2234.482911880372,2.988500000355998,2.7816000001621433,4.4019999986630864,2
8,2667.9244737382915,1972.2443226963678,3364.8924674102614,1.3834499986842275,1.2221999932080507,3.046900004846975,2,2312.262489082833,2229.770340404141,2366.0911834407602,3.2474999970872886,3.0591000031563453,6.59569999697851,2
9,2802.1080148961237,2365.469627742948,3256.0359048982373,1.6537000010430347,1.5034000025480054,2.356800003326498,2,2579.2503897165625,2440.6030971024566,2732.8070608476205,4.008899999462301,3.4621000013430603,6.5085999958682805,2
10,2985.178973814576,2395.0185221163347,3328.7090279646654,1.6678499996487517,1.301900003454648,3.405900002690032,2,2580.576754497147,2409.822542333633,2722.9718279440112,3.4108500003640074,3.260600002249703,4.207999998470768,2
11,3094.0754085519743,2488.8771523357136,3726.432294291084,1.7023500004142988,1.4990000054240227,2.464400000462774,3,1995.840148450465,1886.1180199670002,2176.326596317962,3.9227499983098824,3.5319000016897917,6.140199999208562,3
12,3166.445555730485,2812.3463660741245,3553.9615254137652,1.6159999977389816,1.3887000022805296,2.157199996872805,3,2630.509082393614,2523.109908158654,2815.9182450620324,4.514399999607122,4.057999998622108,6.36790000135079,3
13,3306.195280367789,2890.5246755503404,3886.9390023489977,1.6669499964336865,1.4720000035595149,2.0589999985531904,3,2939.6215790534393,2769.9600042152983,3117.7390801994616,5.63865000003716,5.17299999773968,7.522200001403689,3
14,3603.985665827896,3161.8836922155815,4155.712449290583,1.9012500015378464,1.5845000016270205,2.7208000028622337,3,3085.5557401771894,2896.1520688958144,3243.704552691792,5.631100000755396,5.293499998515472,12.030100006086286,3
15,3735.7120353086,2971.81708400922,4559.62603724779,1.9580999978643376,1.7599000057089143,3.3995999983744696,3,3849.2373668874043,3755.149745667026,3881.7034964475074,5.880950000573648,5.589100001088809,7.618199997523334,3
16,3960.4322720854443,3300.609874806628,4519.209643725451,2.4863500002538785,1.9648000015877187,4.8720999984652735,4,3446.0810305412106,3234.5066982908884,3738.3029786844318,6.227800004126038,5.963700001302641,9.637100003601518,4
17,3809.5259456855138,3144.919983225105,4357.666521649591,2.1174000030441675,1.917699999467004,2.574200007074978,4,4106.501655643088,3832.0300286596816,4218.78587088347,6.478250001237029,6.12419999379199,6.98059999558609,4
18,4543.716824030395,4039.271214935072,4998.720419463199,2.318300001206808,1.834000002418179,3.1868000005488284,4,4603.317668778666,4327.415833347555,4718.939037063693,6.908999999723164,6.598400002985727,8.301800000481308,4
19,4641.214730441659,3969.5248646811315,5552.115228908848,1.966850002645515,1.8295999980182387,2.7534999971976504,4,4017.861875062037,3933.3047971409865,4088.679498560886,6.71390000206884,6.471099994087126,7.288200002221856,4
20,4484.505840420043,3804.502405271148,4986.922126438496,2.2816000018792693,1.9766999976127408,4.411900001286995,4,3587.0381116135195,3403.7742463461072,3649.022116601882,7.4010999996971805,6.697999997413717,9.368700004415587,4
21,4868.233111852369,4234.671165137415,5885.498801560731,2.4596500006737188,2.0685999988927506,3.996399995230604,5,4050.1786606325068,3903.1455884257884,4252.8057882283665,8.2747999986168,8.125200001813937,8.731999994779471,5
22,5175.880000334092,4655.747575846379,5945.379835102185,2.441649998218054,2.282000001287088,4.744699996081181,5,4670.738491829762,4439.202079945548,5002.6432828480665,9.293450002587633,8.5144999975455,12.3128999985056,5
23,5293.83193137627,4960.6433407757195,6053.443015074445,2.8882000005978625,2.413800000795163,5.018600000767037,5,5178.0398590130735,4980.1287341478255,5403.075424332307,9.538000002066838,9.307600004831329,10.80799999908777,5
24,5561.373731430122,5061.005430500927,6513.727101177667,2.6859999998123385,2.3574000006192364,2.998500000103377,5,5058.905462205538,4856.405546544109,5171.100802466448,9.3984500017541,9.026599997014273,10.417999998026062,5
25,5700.474921940886,5367.624834824535,6064.904134990304,2.7650500014715362,2.4913000015658326,4.5219999956316315,5,5193.503603079812,5081.939754114542,5305.636175605371,9.035199997015297,8.393099997192621,9.550700000545476,5
26,5770.8939547891205,5318.355658209516,6359.7505162431335,3.082349998294376,2.3569000040879473,4.882499997620471,6,5096.141959563618,5035.803693225231,5273.63360454885,11.125449997052783,9.720000001834705,15.451500003109686,6
27,5916.153517796462,5330.007060339849,6383.04286176514,2.914600001531653,2.787799996440299,3.13099999766564,6,5084.85783966623,4941.167754325341,5235.982785614291,11.650800002826145,10.597600004984997,12.221500001032837,6
28,5960.516788267665,5572.14553158391,7012.9071978965585,2.8683499986073,2.5023999987752177,3.95070000377018,6,5370.284550051622,5180.517233710098,5763.272907973811,11.71664999856148,11.478599997644778,12.203199999930803,6
29,6232.209652175718,5660.548070903298,7029.789650441155,2.974500002892455,2.4792999975034036,5.607999999483582,6,5591.216114302844,5379.092486990756,5961.848161254467,12.483049998991191,12.093999997887295,15.633899995009415,6
30,6547.078207177092,6051.364438952705,7182.761559982262,3.2219499989878386,2.7102000021841377,4.178399998636451,6,5253.0417316867415,5137.719789239954,5384.363217584021,11.483899997983826,11.039099998015445,15.045499996631406,6
31,6695.4288226838835,5829.449280946398,7485.040391862236,3.2067499996628612,2.6886999985435978,3.6010000039823353,7,5136.404256774141,5111.2641220201185,5279.433738387181,12.286799999856157,11.882799997692928,13.972399996418972,7
32,7073.389907202141,6567.151272937354,7481.11204454209,3.247399999963818,2.9217999981483445,4.796500004886184,7,5719.127921258411,5534.264318367539,5865.916658173934,14.11500000176602,13.638000003993511,14.914599996700417,7
33,6852.931022474745,6350.1040415809,7398.338638926425,3.4916000004159287,2.849700002116151,4.257900000084192,7,5705.172899784689,5702.579537061398,5711.224079472371,13.666200000443496,13.083999998343643,18.739600003755186,7
34,6966.86544764496,6192.124489402968,7476.954683104663,3.2349499997508246,2.8545000022859313,3.8337000005412847,7,6431.235394662881,6336.0570496940145,6511.088211962992,14.087399998970795,13.683599994692486,16.647799995553214,7
35,7317.704863879977,6513.288470333924,7907.990229079443,3.520900001603877,2.9935999991721474,5.568300002778415,7,6810.862525652367,6733.646035096937,6903.9098358735655,14.033800001925556,13.801100001728628,14.447900000959635,7
36,7299.767324637916,6811.993535399573,7804.112062571908,3.4150499996030703,3.2393000001320615,3.7310999978217296,8,6024.390841822325,5986.867249920306,6057.215511947938,14.55559999885736,14.08870000159368,17.955700001039077,8
37,7572.68266307018,6967.768720385767,8179.3655748851015,3.6141999989922624,3.0425999939325266,7.503399996494409,8,6418.58142764936,6201.836271786558,6531.835514648947,15.461899998626905,14.71010000386741,19.05059999990044,8
38,7737.8975552346965,7356.486347153437,8138.508838693484,3.722300003573764,3.313599998364225,4.503199997998308,8,6770.574290221286,6703.705429251286,6815.551104603531,16.18975000383216,15.589000002364628,17.760400005499832,8
39,7896.72236130961,7288.757034369923,8625.94051513166,3.7341499992180616,3.356000001076609,4.75439999718219,8,6613.763102802747,6291.0228193443145,6826.657998962352,17.18049999908544,15.995999994629528,20.092999999178573,8
40,7791.456276445909,7197.068210578036,8465.619850538902,3.8190500017663,3.3800000019255094,4.448399995453656,8,6676.981351251991,6452.299471863778,6984.008418234943,16.92324999748962,16.223500002524815,19.519599998602644,8
41,8090.550742457643,7406.5302984196915,8505.001186453113,4.170600001089042,3.381099995749537,6.473500005085953,9,6948.383722325073,6740.367479454782,7106.887175232199,17.37064999906579,17.234799997822847,19.14760000363458,9
42,8176.689064471816,7520.384478269658,8921.809356884833,4.2240499969921075,3.9315999965765513,5.02039999992121,9,7428.8144249349825,7178.841526465759,7881.170997255679,19.979649998276727,19.42630000121426,23.092800001904834,9
43,8397.662817736727,7717.300095861325,9114.72937832039,4.27309999577119,3.77400000434136,6.592500001715962,9,7458.4874078723915,7243.829467092817,7651.156973591993,20.436000002518995,19.614299999375362,21.345599998312537,9
44,8552.498525908331,7704.65234806521,9404.505459597754,4.225299999234267,3.6770000006072223,4.993899994587991,9,7943.940441037643,7742.110026235856,8335.26276392772,20.808299999771407,19.255300001532305,23.772400003508665,9
45,8690.12537017298,7547.527034226602,9669.619965379832,4.71924999874318,3.8992000045254827,6.3635000042268075,9,7767.902691718527,7650.311097772685,7968.447106736776,19.9166000020341,19.541499998013023,24.30399999866495,9
46,8852.717567723657,8315.097018910768,9419.631216253703,4.2302999972889666,3.9468000031774864,4.678299999795854,10,7608.048259826178,7430.929540569663,7683.956282364685,20.76505000513862,20.02150000043912,23.11510000436101,10
47,9007.731890223584,8134.556771084404,9407.9082793532,4.253850001987303,3.8914000033400953,7.2361000056844205,10,7899.762142094099,7557.369871092209,8221.507282801718,22.96195000235457,22.301699995296076,25.68230000179028,10
48,9316.576149471946,8325.626662474417,10180.819595848809,4.749750001792563,4.101200000150129,5.7027000002563,10,8094.932467337993,8052.730929217115,8113.018840818369,21.830249999766238,21.272500001941808,25.857799999357667,10
49,9304.298425963261,8784.67015098832,9867.144261449153,4.58499999876949,3.870900000038091,6.045199996151496,10,8379.939639331636,8057.021944111152,8640.12680746938,23.659599999518832,23.253700004715938,25.83549999690149,10
50,9285.597814601926,8676.127223425987,9860.192533692527,4.65375000203494,4.051900003105402,5.479599996760953,10,8434.183557887978,8216.579554694306,8671.505602854164,24.419550001766765,23.976899996341672,29.270200000610203,10
51,9419.608155678337,8792.888007599027,9629.9167364638,4.4792499975301325,4.200099996523932,5.3589000017382205,11,8594.541760835102,8186.756311652204,9229.463689997105,24.886550003429875,23.460399999748915,26.232500000332948,11
52,9654.804835513778,9302.2970961049,10455.060477381048,4.856249997828854,4.293199999665376,5.222699997830205,11,8835.559501145057,8504.858991681938,9448.717373923464,26.211950003926177,24.819600002956577,31.59849999792641,11
53,9651.155631060436,9142.867218130543,10335.968829838146,5.113399998663226,3.9586999992025085,7.794400000420865,11,8787.72909226215,8635.359693902576,8857.551254088612,25.63824999742792,25.038299994776025,28.219400002853945,11
54,10011.366674780487,9374.981593991193,10542.179779618375,4.917900001601083,4.557799999020062,6.2217000013333745,11,8840.985761495098,8596.202107182082,9228.988277613962,27.121600000100443,25.47460000641877,32.444099997519515,11
55,9969.310196783046,9204.231670135507,10395.783544047896,4.642000003514113,4.222099996695761,6.3709000023663975,11,8973.462231272644,8662.529601543683,9153.739810490792,27.293750001263106,26.467900002899114,32.12809999968158,11
56,10192.35295328008,9434.59858126424,10659.11914617319,5.560899997362867,4.676399999880232,7.877500000176951,12,8667.899878028255,8667.899878028255,8667.899878028255,25.883149999572197,25.051999997231178,29.942200002551544,12
57,10279.396089122798,9673.810899954959,10919.665079641527,5.441199999040691,4.638400001567788,6.571800004167017,12,8842.216666109975,8672.117646695207,8984.234733585461,28.25564999875496,27.939400002651382,32.871800001885276,12
58,10259.924901871602,9977.868173261908,10837.27727387587,5.291549998219125,4.687899992859457,10.88309999613557,12,9100.156934191646,8869.30611187209,9377.278275882109,28.812299999117386,28.587000000698026,29.402799998933915,12
59,10663.48257996972,9917.693056479206,11325.183894159447,5.6433499994454905,5.209800001466647,9.449800003494602,12,9021.856748551021,8796.01865898755,9319.354554946189,29.775750001135748,29.074300000502262,34.34779999952298,12
60,10615.499955317506,10066.461741621335,11022.423819206102,5.4104500013636425,4.9450000005890615,11.460300003818702,12,9563.432031561222,9386.544311088976,9755.192620975571,31.72860000267974,29.347499999857973,37.355300002673175,12
61,10463.861381145383,9829.51333356792,11062.342423884811,5.376999997679377,4.987500004062895,8.115200005704537,13,9731.573128492055,9687.85754561956,9972.255641540356,30.359750002389774,29.571700004453305,33.728200003679376,13
62,10816.800487915405,10325.458759159217,11191.187178177333,6.0154999991937075,4.808799996681046,7.5270000015734695,13,9922.963022820679,9684.234783663265,10070.126985810006,32.33069999987492,31.45319999748608,35.49579999526031,13
63,11068.652598643665,10598.539858065551,11620.15520985842,5.819600002723746,5.106399999931455,9.529700000712182,13,9873.052118521586,9772.324300110573,10326.993541051204,32.39759999632952,30.694500004756264,35.66809999756515,13
64,10979.942619989826,10340.699747895476,11627.96142854241,5.578699998295633,5.18739999824902,9.33969999459805,13,10423.333358397425,10189.917011709369,10670.27619964373,33.36074999970151,32.373699999880046,39.1377999985707,13
65,11105.679628982438,10474.883788136975,11847.03190401063,5.696950000128709,5.067199999757577,9.99279999814462,13,10477.612506070134,10266.27474795725,10667.934802407897,35.062099999777274,32.490300000063144,40.0692999974126,13
66,11157.461375612407,10512.124713225912,11627.51653235198,5.584699996688869,5.324400000972673,9.862899998552166,14,10666.803700872817,10526.686043745642,10890.526311159992,35.707500002899906,34.97760000027483,39.56570000445936,14
67,11421.930556553401,11059.477632750499,11776.200752165138,5.9666500019375235,5.725000002712477,7.3991999961435795,14,10701.931686294176,10539.271433858685,10815.820598232418,37.335700002586236,35.42190000007395,44.120100006693974,14
68,11525.728624599487,11177.541820790699,11980.716666326687,6.315149999863934,5.757899998570792,7.280600002559368,14,11044.186844784079,10753.99137781351,11303.723381511034,38.148900002852315,36.74779999710154,43.10869999608258,14
69,11728.375032841124,11340.904950184231,12467.079243905115,6.027650000760332,5.496699996001553,10.82489999680547,14,10516.752973770153,10427.33225435382,10566.744704605186,36.65624999484862,35.77989999757847,41.644900004030205,14
70,11981.263567960896,11083.805688674873,13024.625433580048,6.244599997444311,5.864799997652881,8.648099996207748,14,10835.340392819935,10767.577003767186,10993.454967276346,39.050050003424985,36.42359999503242,42.57290000532521,14
71,12144.574668543712,11532.010360288163,12883.501022763565,6.259050001972355,5.550299996684771,10.51759999973001,15,10881.32794357772,10881.32794357772,10881.32794357772,38.81204999925103,38.02630000427598,42.180000004009344,15
72,12064.722920971968,11580.150242066255,12697.712892288524,6.340949996229028,5.689099998562597,7.692200000747107,15,11086.061846040498,10906.969525953084,11256.752774427114,41.33019999790122,39.86840000288794,47.425100005057175,15
73,12478.890494024683,11820.323414559709,12992.671224615591,6.43609999679029,5.876399998669513,7.240099999762606,15,11312.77079337215,11198.017389211598,11526.885579155449,41.48634999728529,40.530099999159575,46.96210000111023,15
74,12327.197169798834,11842.90383548312,12866.660289490192,6.4064499965752475,5.890100001124665,7.8618999978061765,15,11061.652987532927,10929.119772331644,11163.00660824764,44.27995000150986,42.19559999910416,45.5050000018673,15
75,12586.323995350782,12270.755474045302,12964.208447232038,6.962349998502759,6.128199995146133,7.7412999962689355,15,11149.567349917883,10951.258215892707,11421.186017143153,44.41985000084969,42.12609999376582,46.380200001294725,15
76,12645.980754565004,11970.977498345983,13249.536422191364,6.533249998028623,6.088899994210806,7.98439999925904,16,11528.076208613758,11436.613455083743,11631.583522821049,44.95735000091372,43.69410000072094,47.66869999730261,16
77,12870.601335201289,12191.249893403217,13402.581820905601,6.861849997221725,6.34130000253208,8.159799996064976,16,11525.991323360116,11225.3207036606,11765.340850108387,46.816850001050625,44.043100002454594,63.41509999765549,16
78,13124.113392680842,12563.122490877427,13652.138193442399,8.672050000313902,7.400499998766463,11.79730000148993,16,11585.260513849837,11350.224714296324,11767.181302295716,49.969849998888094,46.91699999966659,65.55300000036368,16
79,13284.448746242648,12398.320699196387,13935.069153287848,7.68324999808101,6.710900001053233,8.696400000189897,16,11782.914819655938,11633.19412935635,11947.980997469913,47.92469999665627,46.9643000033102,51.402600001893006,16
80,13297.830037868642,12469.3111645813,13710.97556865146,7.032850000541657,6.76950000342913,8.680799997819122,16,12126.911407330912,11999.55652656122,12273.476509524256,49.66910000075586,46.060900000156835,55.50799999764422,16
81,13423.406379664579,12959.74797352259,14243.295524768459,7.169700002123136,6.2286000029416755,7.981000002473593,17,11391.111934917633,11347.177679469309,11466.861239133894,48.53680000087479,46.19280000042636,49.80990000331076,17
82,13499.830543502214,12738.417795323867,14135.338753549666,7.3684999988472555,6.746500002918765,9.56659999792464,17,11881.976540352081,11735.672825338343,12005.566842026925,48.831200001586694,46.48579999775393,53.029299997433554,17
83,13593.165314379017,13225.228468093057,14043.45920734454,7.3138999978255015,6.767500002752058,8.349399999133311,17,11612.540283795162,11483.503479217721,11746.270644881912,50.92779999904451,48.356400002376176,53.725700003269594,17
84,13808.113163550983,13329.542101084626,14206.817547389157,7.435999999870546,7.003899998380803,8.22139999945648,17,13313.222412561567,13018.510121789877,13613.767900954592,52.37059999853955,51.05580000235932,57.74799999926472,17
85,13804.220108871665,13221.998193001898,14121.49001381142,7.582600002933759,7.204999994428363,9.032900001329836,17,13253.256008623133,13035.915307819094,13544.949667647907,53.26604999936535,51.87479999585776,59.04459999874234,17
86,14063.868953340796,13635.841031900076,14661.92397678376,7.386149998637848,6.7592999985208735,9.548800000629853,18,12234.287147664087,12163.64603175575,12399.116418116872,54.263000001810724,51.736800000071526,62.244699998700526,18
87,14405.334250886372,13926.15673748562,14946.016612879552,7.573100003355648,7.119899993995205,8.152000002155546,18,12433.11068597371,12327.077534108152,12525.168703433097,54.93294999905629,53.820200002519414,62.64219999866327,18
88,14560.60940890645,13980.795639510838,15150.301907576879,7.693949999520555,7.3848999963956885,8.682100000442006,18,12676.075202473528,12626.741083264871,12732.143960160298,57.517000004736474,54.50829999608686,62.41299999965122,18
89,14482.066529032949,13852.513610982362,15180.977704762681,7.642050000868039,7.179599997471087,9.482699999352917,18,13008.444766687904,12764.742545999696,13232.655467193825,58.338549999461975,53.938400000333786,59.936300000117626,18
90,14412.282385340255,13957.825640942567,14880.125748172995,7.6195499968889635,7.1559999996679835,8.64450000517536,18,12797.820341550534,12762.49841966787,12852.268138289397,58.28754999674857,55.37660000118194,59.91820000053849,18
91,14409.012953219793,14122.308763491903,14692.867268529604,7.722300000750693,7.2403000012855045,9.815599994908553,19,13415.86417634064,13382.336888986389,13445.486281759102,59.00524999742629,56.91780000051949,65.26200000371318,19
92,14785.066466894024,14093.913051757567,15348.676004576284,7.99370000459021,7.497899998270441,14.222900004824623,19,13030.571074118745,12832.262769191184,13258.23909683704,60.86740000318969,58.414300001459196,63.746700005140156,19
93,14771.156771291022,14058.334258456634,15215.264210096435,7.919149997178465,6.8288000038592145,9.391599996888544,19,13420.673474770321,12975.72060172541,13859.428695717294,60.621500000706874,58.942199997545686,69.79680000222288,19
94,14816.881728227654,14378.615783637888,15504.477828814857,7.741699999314733,7.313100002647843,8.32750000699889,19,13263.465300001084,13055.224285616221,13479.880286773912,61.962949999724515,60.71759999758797,69.89330000214977,19
95,15245.338679325612,14722.451761645345,16008.556562079966,8.093750002444722,7.422399998176843,10.472499998286366,19,13557.623363024586,13392.611563403432,13798.971416912547,63.297100001364015,61.342599998170044,69.00860000314424,19
96,15458.214537623642,15006.59813159229,16323.88394594899,9.122599996771896,8.051400000113063,10.629299998981878,20,13835.32072216096,13619.694271154991,14126.544032816451,64.24765000338084,62.46149999788031,72.8670999960741,20
97,15415.246580553108,14852.248108799515,15966.676981431661,8.392349998757709,7.457500003511086,9.691300001577474,20,13927.144252215445,13609.939264242748,14111.53759319941,67.87364999763668,63.18679999822052,72.3675999979605,20
98,15479.488900761093,14843.697254229708,15896.796606279255,8.160649998899316,7.67690000066068,8.538999994925689,20,13902.609177319517,13620.578357785287,14213.723238121627,66.334300001472,64.52690000151051,72.179300004791,20
99,15715.574364960745,15086.151270071743,16644.063582126855,8.527299996785587,7.670699997106567,12.232699999003671,20,13982.778987816582,13767.781311019624,14101.066157149964,68.1142000030377,64.95169999834616,73.33050000306685,20
100,15830.35526774765,15078.730436592634,16273.162493774385,8.558449997508433,7.61909999710042,11.199399996257853,20,14166.46837663786,14080.516244475095,14309.50721966326,67.52925000182586,65.60139999783132,72.750499995891,20
101,16309.978938791646,15744.226522591145,16798.618481291156,8.578200002375524,7.841600003303029,10.429100002511404,21,14121.144052005107,14002.68830210259,14256.511665136339,68.26030000229366,66.52939999912633,72.49290000618203,21
102,16280.127151420455,15689.917493298643,16782.841742356697,8.792899996478809,7.574400005978532,9.638499999709893,21,14358.8077824077,14256.559360550104,14496.353292385582,70.80699999642093,67.57079999806592,78.79030000185594,21
103,16285.902138438412,15576.170534902481,16959.077592665442,8.543900003132876,8.037899999180809,11.6379999963101,21,14726.70936927544,14614.122645338079,14858.387195433656,72.17759999912232,68.86900000245078,81.27700000477489,21
104,16609.58561015923,15927.245908820634,17485.200464192047,9.0438000006543,8.481800003210083,16.289399995002896,21,13659.608192005868,13571.772589858218,13823.259365295766,70.79389999853447,67.75919999927282,74.8338999983389,21
105,16626.202650419156,15984.418827243535,17257.72463716995,8.849300003930693,8.061700005782768,9.314300004916731,21,14860.654109038358,14777.30625146761,15038.576350484704,74.62719999966794,72.09570000122767,77.05030000215629,21
106,16544.789803678006,16073.049741520423,17108.440269363626,9.102849995542783,8.401100007176865,12.559400005557109,22,14574.375254886058,14515.023314163558,14626.240811596157,77.08070000080625,71.85780000145314,79.17730000190204,22
107,16717.65222916311,16157.77816852683,17350.582767131044,9.19044999682228,8.290999998280313,11.060700002417434,22,15127.310300628431,15068.062210288334,15160.66188602967,76.50764999925741,74.22979999682866,84.0267000021413,22
108,17004.8657001123,16468.632861922302,17511.992789638156,9.189350002998253,8.858599998347927,12.24250000086613,22,15398.523876739455,15373.813434189175,15428.172541163753,78.93865000005462,76.45530000445433,85.2491999976337,22
109,17005.862452877216,16678.014609311434,17423.001857493342,9.133100000326522,8.670600000186823,14.117499995336402,22,14669.20530149481,14514.789990064291,14874.005774769736,78.60654999603867,74.46509999863338,85.58110000012675,22
110,17239.710694256708,16880.747788145825,17637.97833648045,9.097549998841714,8.604499998909887,12.867000004916918,22,14690.812959256727,14518.193192672567,15056.008533386637,79.67940000162343,78.63779999752296,82.52900000661612,22
111,17392.902477599615,16713.484136895942,18025.09296360222,9.220149997418048,8.695399999851361,13.507399999070913,23,14805.092326488699,14548.492244878973,15136.19659970795,81.15614999769605,79.33000000048196,85.81970000523143,23
112,17484.697836080803,16737.966241704344,18113.897518293477,9.403300002304604,8.600599998317193,13.029800000367686,23,14884.695640931517,14848.273416163875,14963.72244513839,80.3955000010319,78.88809999712976,88.82530000119004,23
113,17680.264361855574,16748.310714274314,18412.459070602632,9.670199997344753,9.073499997612089,12.854599997808691,23,15011.317643504346,14882.50608150985,15269.280399363364,86.88674999939394,80.40149999578716,88.27059999748599,23
114,17650.229307855097,16790.376439618565,18395.608986006027,9.544850003294414,8.171699999365956,12.633300000743475,23,15349.247037414942,15063.136095769323,15501.824202319316,85.23969999805558,83.20680000178982,87.11100000073202,23
115,17839.207377058214,17121.556703942682,18642.3017695906,9.609000000637025,8.899400003429037,10.058699997898657,23,15406.20426805363,15318.294639817641,15538.08144558673,85.04955000171321,82.43270000093617,92.84279999701539,23
116,17973.031329406545,17511.834144274206,18580.22472661266,9.506300000793999,9.029499997268431,12.686099995335098,24,15807.36788515314,15597.615818083885,16116.499364861298,88.12559999569203,84.96190000005299,93.44530000089435,24
117,18218.797342236383,17668.602886472778,18587.515561376502,10.541299998294562,9.057000002940185,14.48309999977937,24,15830.389005143323,15529.118421955394,16207.253427467334,90.83995000401046,86.52060000167694,96.6231999991578,24
118,18421.908278345818,17833.827490657277,18855.965008573294,10.117700003320351,9.11659999837866,11.70070000080159,24,16234.753434575858,16004.482119333761,16394.31932262308,92.16139999625739,85.35400000255322,107.8713000024436,24
119,18297.5230598544,17775.445147733597,18669.377629820752,10.06835000225692,9.14300000295043,15.102200006367639,24,15905.666753103123,15814.42104633068,16143.231889214494,91.54880000278354,89.31639999354957,98.10100000322564,24
120,18547.100531322118,18237.87815548407,19303.226969618157,9.753599999385187,9.391899999172892,12.278000001970213,24,16232.750060180384,16222.566859235436,16249.909537112751,93.4674000054656,88.97809999325546,98.7987999978941,24
121,18795.125936488836,18079.992077687224,19394.660054118136,10.342399997171015,9.60549999581417,13.970699998026248,25,16417.364324239792,16343.77665665628,16692.344673401298,92.78064999671187,89.56239999679383,95.75159999803873,25
122,18666.889579459465,18225.21846781527,19142.218086031775,10.134149993973551,9.379200004332233,10.45900000463007,25,16306.025277191393,16290.455151646644,16327.272785420339,94.47860000000219,91.30310000182362,103.03879999992205,25
123,19029.498437903505,18286.302961506073,19462.358778741094,10.371899999881862,9.85420000506565,13.720299997658003,25,16416.252722397396,16391.262805588605,16446.920021890386,96.3493000017479,92.52969999943161,99.73480000189738,25
124,19068.565065382078,18663.85673811157,19522.22086797255,10.235999998258194,9.613700000045355,15.072399997734465,25,17078.357185202396,17013.50490052868,17146.772507735972,99.0757500003383,96.12539999943692,109.22150000260444,25
125,19162.58925662233,18584.727882318384,19684.682817228433,10.85754999803612,9.817600002861582,11.756700005207676,25,17336.270293128415,17152.227085136143,17580.883939167605,99.42190000219853,96.8395000018063,108.49010000674753,25
126,19212.184597495245,18566.534768325557,20069.293846142053,10.230799998680595,9.5593000005465,15.307400004530791,26,17021.081176960433,16826.420812831544,17198.534189918275,101.32250000242493,97.62649999902351,110.57499999878928,26
127,19279.453611433808,18326.862516296267,19812.75753722464,10.618500000418862,9.568699999363162,11.203000001842156,26,16913.790706250405,16822.53901811225,17126.711311906103,104.41050000008545,100.05619999719784,160.1232000029995,26
128,19443.51016906005,18795.137391102606,20095.443529566193,10.555350003414787,9.976300003472716,14.561700001650024,26,17052.00858836749,16959.504398842844,17263.676692636698,110.02830000143149,104.51569999713684,122.5650999986101,26
129,19731.20226722483,18848.47790379536,20872.041883525188,11.10155000060331,10.072700002638157,12.940900000103284,26,17706.141127859628,17382.254957626737,18084.059697934794,106.15784999754396,103.3465000000433,112.6838999989559,26
130,19777.795650061726,19052.23594844357,20521.355458003778,11.224649999348912,9.948200000508223,14.50670000485843,26,18061.115985540342,17971.513424448232,18139.913770328872,108.89055000370718,104.45289999915985,114.13979999633739,26
131,19947.58342056952,19376.84298794325,20362.99294919107,10.897249998379266,10.053999998490326,11.308100001770072,27,17834.650590675228,17714.30348195412,17926.65809093756,109.59585000091465,105.217200005427,113.59240000456339,27
132,20259.31440374776,19468.42677092694,20709.89056335349,11.465799998404691,10.57089999812888,15.574099998048041,27,18035.28894511934,17989.84023214592,18076.356535174833,109.70465000355034,106.06159999588272,115.03200000151992,27
133,20064.93458843876,19436.045690458057,20466.43030437794,10.880149999138666,10.1278000001912,11.69590000063181,27,17970.397048556508,17932.94873260731,18025.548408348648,112.64309999751276,108.50360000040382,118.46960000548279,27
134,20251.801490395937,19551.229395252736,20721.70651897857,10.951649997878121,10.132199997315183,12.666499998886138,27,18264.23046875423,18131.347679849132,18426.65192369424,112.45155000142404,108.9676999981748,117.82719999609981,27
135,20515.576437912874,19940.769241115886,21162.527132933716,11.183450002135942,10.415699995064642,14.062100002774969,27,18237.06845409278,18207.68922122174,18262.68593919052,114.62009999740985,110.95119999663439,124.82299999828683,27
136,20932.995162344254,20437.82932137833,21815.18321190523,11.63894999990589,10.57349999609869,16.04850000148872,28,18313.549475983666,18134.32165721519,18413.845329885517,116.36059999727877,111.98399999557296,119.56169999757549,28
137,20952.379248907386,20097.285941540722,21803.875078555262,11.25625000349828,10.72040000144625,16.922900002100505,28,18285.605989878783,18061.152898818757,18494.877348346025,118.84345000362373,113.98270000063349,134.06570000370266,28
138,20721.911591995362,19605.207115756464,21357.460147231915,11.749899997084867,10.628500000166241,13.517700004740618,28,18861.358804605312,18714.507884529718,19087.03790271201,119.32709999746294,114.19159999786643,127.89499999780674,28
139,20807.59927437369,20136.10167083207,21397.12836559703,11.52400000137277,10.816000001796056,12.440400001651142,28,19018.18162462145,18965.003777156417,19166.383854932876,120.84590000085882,117.36089999612886,135.55799999448936,28
140,21020.546066966395,20326.474456576725,21557.937263006563,11.534249999385793,10.60900000447873,13.658000003488269,28,18541.696989086013,18503.383337381314,18584.108554163253,123.9655000026687,117.29529999865917,128.08870000299066,28
141,21262.39109247151,20385.555455057434,22088.391146128644,11.655700003757374,10.855599997739773,13.578900005086325,29,18710.63831191848,18572.37661379448,18848.849763175403,120.36185000033583,118.71949999476783,129.2299999986426,29
142,21093.480135713053,20507.959813181835,21674.827661585554,11.808899998868583,11.076199996750802,13.351499997952487,29,18979.723092775243,18954.852853350876,18998.0539957585,124.72634999721777,120.58350000006612,128.35310000082245,29
143,21165.518499569123,20438.30308249127,21641.63370868655,11.701900002663024,10.724700005084742,16.445799999928568,29,18935.441527837105,18868.884026987645,19170.139728927825,124.79610000082175,122.37009999807924,139.86350000050152,29
144,21522.141836022492,20677.291109712343,22322.972243286928,11.930549997487105,11.117299996840302,17.786599993996788,29,19690.402066300183,19489.27912657195,19824.86729826554,128.94829999640933,124.83410000277217,134.249999995518,29
145,21793.913341491618,21464.177543805763,22655.006177445626,11.890000001585577,11.62530000146944,15.94430000113789,29,19773.34338451938,19642.743857884052,19936.393936076198,131.0190500007593,123.87100000341889,137.0494000002509,29
146,21832.147894431073,21160.591995990777,22243.311020868452,12.257800000952557,11.164700001245365,13.255400001071393,30,19360.77751852943,19271.35110360713,19535.18277248909,129.06580000344547,124.66980000317562,136.7785000038566,30
147,21652.106615034416,20956.830395508354,22405.682313467707,12.258749997272389,11.287300003459677,13.764199997240212,30,19420.069264463145,19308.538235300013,19655.382074598536,131.6795999991882,128.42000000091502,139.47589999588672,30
148,22133.248211077116,21311.20595447148,23476.317447078047,12.556350000522798,11.409499995352235,14.560199997504242,30,19147.48267393002,19147.48267393002,19147.48267393002,130.57370000024093,128.07669999892823,139.38030000281287,30
149,22241.177660459663,21401.087938508466,23204.04378719425,11.953149998589652,11.246200003370177,13.917899996158667,30,20230.663642090127,20117.140473676984,20382.526135159875,134.24734999716748,131.48119999823393,149.07230000244454,30
150,22256.08786929063,21739.050482472634,22869.35027211696,12.360349999653408,11.450000005424954,16.60749999427935,30,19567.96947317128,19510.84012767861,19601.73077225874,136.41529999586055,133.29420000081882,148.0193999959738,30
151,22271.100531211512,21223.457368793857,22978.575781331136,12.458749999495922,10.74489999882644,16.605999997409526,31,19410.494724088563,19371.265565181202,19427.307220763145,138.32894999723067,132.0421000054921,147.03559999907156,31
152,22522.167625752572,22148.27523848157,23138.55757053904,12.327249998634215,11.628899999777786,16.412999997555744,31,19772.833830395834,19710.877021693537,19836.708556484504,141.0394999984419,135.7397999963723,160.333100000571,31
153,22496.375298104278,21872.52025930947,23031.50466234807,12.373549998301314,11.73160000325879,12.930899996717926,31,20787.14600640919,20560.3229598013,21013.68504314763,141.35460000034072,136.82320000225445,152.07879999798024,31
154,22856.346425453205,22413.805318069415,23491.97489689951,12.460050002118805,11.724299998604693,14.221099998394493,31,20141.480770796305,20023.529188957786,20374.654561781965,139.78405000307248,134.9283999952604,148.7007999967318,31
155,22949.94020509515,22039.597800503987,23957.31037919661,12.49409999945783,12.010400001599919,15.587600006256253,31,20317.6526854085,20044.8940534489,20531.571257179072,140.56985000206623,137.58100000268314,146.63170000130776,31
156,22694.519570585762,21729.831130414208,23599.550745568053,12.654600002861116,11.555899996892549,16.335899999830872,32,20564.936208516305,20389.633933584493,20757.094141903584,146.95230000143056,141.71920000080718,170.23960000369698,32
157,23158.59628303437,22351.245381296772,23688.40011154019,13.34435000171652,12.885199997981545,18.11699999962002,32,20709.520091701303,20529.819995503804,20908.002357661386,147.18245000040042,139.8853999999119,154.28280000196537,32
158,23187.109620727373,22618.766262587968,23822.255412251936,12.405299999954877,11.782100002164952,17.022399995767046,32,20570.155666154093,20486.297725630164,20719.591466204114,149.8038500030816,144.38049999444047,164.9050999985775,32
159,23336.842321719447,22824.4072362558,24147.15150180606,12.762950002070284,12.255599998752587,14.159999998810235,32,21049.845491167962,20847.41201127614,21309.07332521461,154.41449999707402,145.50389999931213,165.3717000008328,32
160,23472.20571734512,22939.284267129162,23928.246742695417,12.829100000089966,11.937399998714682,14.86799999838695,32,21214.21926848133,21075.722527612794,21470.064124231387,154.6752499998547,150.67469999485184,162.9054000004544,32
161,23686.086849242973,23147.397999449226,24443.655045163225,12.765249997755745,12.290000006032642,15.198199995211326,33,21115.970742080575,21030.33794693803,21291.952385974688,153.91824999824166,149.9751000010292,159.05259999999544,33
162,23867.40353055323,23309.767897312628,24143.112538578225,13.32794999689213,12.669199997617397,16.226699997787364,33,21414.173211151632,21191.622000752344,21744.89572350329,157.20520000104443,152.64070000557695,160.47080000134883,33
163,23730.79534685018,23346.58424148893,24246.356128582596,13.643449998198776,12.398300001223106,16.680699998687487,33,21570.842867588464,21329.182044563837,21892.128379360205,157.38209999835817,154.47099999437341,161.62030000123195,33
164,24059.13658216552,23588.615756141495,24638.19562000152,13.33149999845773,12.525300000561401,15.717900001618546,33,22010.33617558428,21750.560059834446,22187.69651128752,158.10485000474728,152.33689999877242,170.15360000368673,33
165,23884.39644244575,23175.12994963113,24810.330832003783,13.169649995688815,12.37560000299709,15.727300000435207,33,22245.86668650831,22030.016069186044,22409.28590770404,159.9445999963791,153.62910000112606,165.61560000263853,33
166,24325.832511054945,23759.284252433798,24930.89826724743,13.405549998424249,12.42610000190325,17.53179999650456,34,21506.572089696518,21371.92083495216,21731.98091605017,162.37254999578,158.54279999621212,166.16249999788124,34
167,24409.40787743617,23977.92453888314,25051.625422999292,13.740899998083478,12.894399995275307,15.86459999816725,34,21233.836828145377,21125.39577062803,21373.99615963628,163.40060000584344,159.5930999974371,170.8985000004759,34
168,24757.075068449223,24357.178667731325,25239.05385609938,13.469050001731375,12.858900001447182,16.349300000001676,34,21772.84809796781,21746.13700839078,21804.054171970107,170.35684999791556,161.22750000067754,197.3890000008396,34
169,24661.085977875995,23828.760360319102,25021.478682646997,14.67525000043679,13.417800000752322,17.96730000205571,34,21258.94485517377,21046.82640321651,21381.806681767608,176.81145000096876,164.05540000414476,189.1572999957134,34
170,24748.889424061414,24337.121479581478,25209.936128468114,13.956899998447625,12.660400003369432,17.446599995309953,34,21481.244678885785,21377.46282116784,21609.21705507783,171.54630000004545,162.3972000015783,200.83409999642754,34
171,24709.214994825026,23926.198231309583,25422.878829063902,13.66029999917373,13.037700002314523,14.924100003554486,35,21502.18400585947,21366.86366879913,21640.08998174946,168.82489999989048,166.32789999857778,183.37820000306237,35
172,25007.0971157796,24576.555318780494,25756.819127398423,13.804750004055677,12.812100001610816,16.13519999955315,35,22028.153521507717,21888.886385782575,22233.484771757656,173.3409499975096,169.70020000007935,179.54769999778364,35
173,25109.98348011152,24332.936890266752,25749.316447342404,14.02810000217869,13.400799994997215,18.08520000486169,35,22340.02256191984,22235.995841547465,22448.897990274,179.4494499990833,174.1016999949352,220.28499999578344,35
174,24964.761999978575,24492.35882838831,25520.288110250687,13.967750001029344,13.199200002418365,16.721600004530046,35,21671.40667625791,21560.261544936133,21898.770027419723,176.97475000022678,170.06080000282964,187.74850000045262,35
175,25181.69167697984,24493.855596387653,25644.283646341864,13.888299999962328,13.330300003872253,19.608199996582698,35,22153.986979049965,22043.814035953925,22267.955599615783,176.94890000348096,170.91810000420082,186.26519999816082,35
176,25319.652983281278,24685.459122400094,25803.05173315724,13.952999997854931,13.325499996426515,15.493700004299171,36,22636.77578048175,22554.80089933562,22893.810537494122,177.66279999705148,173.06939999980386,188.47819999791682,36
177,25353.23651431719,24459.562075988975,26219.374597955302,13.983799995912705,13.292800002091099,17.153699998743832,36,22471.567302452957,22369.92624407598,22672.978435728757,183.07515000196872,176.49729999538977,187.43939999694703,36
178,25406.34347401478,24854.263553335866,26279.10819211321,13.904449999245116,13.306300003023352,15.584300002956297,36,22946.162429443277,22671.201690655485,23281.365499649095,180.8715500010294,176.63220000395086,193.34849999722792,36
179,25684.045258259674,24982.324976803506,27009.343898693245,14.288800000940682,13.648700005433057,15.380400000140071,36,23752.648898434043,23593.205167131215,23900.400829313927,185.86330000471207,178.11869999422925,195.89970000379253,36
180,25980.847087622617,25293.77636153111,27035.098131659965,14.64135000423994,14.072999998461455,16.511900001205504,36,22911.91311515778,22748.070237816555,22987.764116398797,182.05229999875883,178.65570000139996,195.27989999915008,36
181,25924.196024127974,25530.84903264242,26602.689872747484,14.188649998686742,13.900300000386778,16.041999995650258,37,23130.111684679112,23097.53625686642,23161.87346207237,184.3292500016105,178.01909999980126,189.80480000027455,37
182,25607.858881437503,25095.371763153096,26292.153336077834,14.385499998752493,14.089399999647867,16.610200000286568,37,22976.020687534234,22947.82340299236,22988.10523805218,186.3782500004163,183.71789999946486,193.62050000199815,37
183,25976.964732933397,25089.053794367377,26616.207439137565,14.501899997412693,13.665800004673656,15.47030000074301,37,23357.590832077494,23252.43299378513,23505.68467922481,191.64934999935213,187.93369999912102,206.80140000331448,37
184,26187.694422044995,25663.650619484542,26869.357184123568,14.763200000743382,13.605600004666485,16.396099999838043,37,23373.48818850296,23342.826272861814,23388.037370120182,191.89660000120057,185.7395999977598,216.8448000011267,37
185,26246.594707754044,25367.93037750026,26885.348276936857,14.80844999969122,13.739000001805834,16.2789999958477,37,23668.68223053695,23506.277200123783,23823.913016804487,194.51040000058128,188.59789999987697,201.79920000373386,37
186,26308.162160427466,25709.12124016607,27158.341352466858,14.684999998280546,14.01830000395421,15.657500000088476,38,22918.049420267216,22894.578448409415,22937.528765110314,193.61634999586386,189.00469999789493,197.74590000452008,38
187,26380.725545801968,25894.56980611249,27049.646246321456,14.37910000095144,13.799599997582845,15.07560000027297,38,23458.67167095584,23365.332014397445,23588.1271631184,198.21149999916088,192.15290000283858,201.49120000132825,38
188,26568.6570227992,26205.04863992953,27098.680698962413,14.662249999673804,14.190800000505988,20.37189999828115,38,23430.322512277504,23400.602769898374,23464.849357746592,198.44484999703127,192.35830000252463,200.9604999984731,38
189,26777.184528821617,26171.864961112205,27608.066848230257,15.14044999566977,14.213399997970555,16.66519999707816,38,23790.490728877063,23657.904884965774,23848.056674291496,205.52740000130143,199.90400000096997,221.92609999910928,38
190,27156.715475815497,26421.124674558472,27646.938781920777,15.344449999247445,15.036000004329253,16.68039999640314,38,24432.15683309961,24412.941915750052,24458.570426495113,201.9543499991414,197.2514000008232,215.7560999985435,38
191,26940.69823072887,25900.53804046512,27701.625624910608,15.316050001274562,14.050699996005278,17.72540000092704,39,24749.76441928469,24731.98251168019,24757.385236829476,204.0487000012945,200.30719999340363,208.54059999692254,39
192,27028.80082582311,26125.0907569645,27919.13475991666,15.704749996075407,14.522500001476146,17.225600000529084,39,24687.401004237152,24628.78148805144,24815.190106759335,207.56495000387076,203.09629999974277,222.3329999978887,39
193,27089.452810570947,26612.18976194884,27480.401285264677,14.936250001483131,13.991100000566803,20.269900000130292,39,23966.12328054726,23910.27361614746,24030.842209023147,209.4582999998238,205.16810000117403,213.6093000008259,39
194,27140.36001043929,26584.30062572844,27767.702126158365,15.017049998277798,14.484500003163703,16.612600004009437,39,24148.83887534816,24097.987794026976,24239.453872713282,208.84170000135782,203.6013999968418,220.18660000321688,39
195,27269.802568568182,26503.350303431303,27827.986248250454,15.501450001465855,14.528100000461563,16.490699999849312,39,24649.702079425268,24599.350757749402,24719.91935062509,210.48325000083423,204.47520000016084,218.92350000416627,39
196,27534.1987119882,26974.851698105445,28539.412507409972,15.224599999783095,14.90629999898374,17.31840000138618,40,24183.555141408386,24087.890863492496,24327.6915166069,213.08624999801395,206.62379999703262,221.4495000007446,40
197,27620.494617973276,27036.495473705312,28401.581295603195,16.128150000440655,15.038500001537614,20.523099999991246,40,24510.309656442274,24422.046920682715,24598.16607741303,217.3652499986929,210.8938000019407,238.8970000029076,40
198,27718.771877692998,27009.00727769872,28399.19185175206,16.895650001970353,15.516699997533578,25.516699999570847,40,24395.699331640117,24343.261817186216,24495.584693031204,231.14300000452204,214.00110000104178,248.37139999726787,40
199,27832.938939702643,27270.45869789947,28560.846072257627,15.666450002754573,14.707499998621643,19.062299994402565,40,24567.865265294346,24444.502194080953,24662.272912567183,217.32350000092993,210.67000000039116,233.3890000008978,40
200,28051.45121530646,27367.903995498156,28818.68617762262,15.874699998676078,15.378600000985898,16.322200004651677,40,24635.77897305867,24534.44604961898,24728.263644589802,219.9844499991741,216.04849999857834,227.28510000160895,40
201,28196.309488644027,27516.410874571302,28730.229277011134,16.07030000013765,14.893499996105675,18.02239999960875,41,25138.932886458606,25086.282008435774,25217.364484151723,223.74529999797232,220.6988000034471,231.33470000175294,41
202,28254.553866422513,27621.671801354256,28907.16955577926,15.910000001895241,15.035699994768947,17.867499998828862,41,25131.812849633032,24504.698327234895,25288.40626333789,227.13160000057542,221.04379999655066,233.81639999570325,41
203,28255.18020351882,27638.76490113883,28860.828707588968,16.417999999248423,15.337500000896398,19.644200001494028,41,25007.30857852226,24889.348059853466,25247.535147700106,229.53190000043833,225.28109999984736,235.73729999770876,41
204,28568.07045285879,28239.26469033114,29326.75593455016,16.229299999395153,15.536300001258496,17.284100002143532,41,26279.090382836224,26205.27963153105,26517.00819493555,233.9342500017665,225.9628000028897,244.43230000179028,41
205,28545.06077034508,27169.720576098825,29333.24311135183,16.442849999293685,15.033699994091876,17.04230000177631,41,26563.49444469909,26502.952193720455,26805.038966614025,232.4518999994325,225.61570000107167,251.95429999439511,41
206,28727.502170159027,27692.25734675449,29837.61608346789,16.774899999290938,15.352499998698477,19.193000000086613,42,25805.76739559079,25645.509599985242,25885.31025309965,235.27049999756855,225.6643000000622,249.67329999344656,42
207,28513.402099711802,26745.638664039212,29471.12750316207,16.847900002176175,15.381400000478607,17.0741000038106,42,25923.778392895845,25756.692943976188,25993.90911272764,237.32939999899827,226.93710000021383,245.11720000009518,42
208,29072.214391391484,27971.344897259045,29888.572102268616,16.78734999950393,15.099000003829133,19.666399995912798,42,26177.241227072176,25813.00215839497,26493.363479932977,238.7696000005235,232.11109999829205,247.05199999880278,42
209,29148.237781992077,28396.025788301376,29924.638233434634,18.317350000870647,15.138099995965604,20.745699999679346,42,26374.04168380842,26181.361710026024,26471.786361866063,242.8319000027841,237.13819999829866,248.314800002845,42
210,29223.553529378503,28309.73620551774,29933.694752714375,18.484650001482805,15.875999997660983,22.073899999668356,42,26332.90835760757,26215.10392231635,26473.77256759711,243.74779999925522,237.6940999965882,252.7577000000747,42
211,29497.310098171383,28798.912623905548,30123.453690269183,16.500549998454517,15.333100003772415,17.95519999723183,43,26597.851473717496,26565.805294530022,26631.42998237871,245.7030500008841,243.2773000036832,251.14559999929043,43
212,29559.437093798686,28697.416270101563,30347.631721070607,16.833400000905385,16.05800000106683,18.56019999831915,43,26880.600688333318,26880.600688333318,26880.600688333318,245.1695000017935,240.89700000331504,250.07219999679364,43
213,29375.920246703346,28428.59845240051,29715.422018554847,16.76564999797847,15.729300001112279,19.96309999958612,43,27314.695728087776,27228.48809671438,27433.246712419357,251.59590000112075,245.7259000002523,261.0031000003801,43
214,29644.348161307895,28959.61613933964,30489.969803784174,18.129449999833014,16.06519999768352,23.59720000094967,43,27051.01473481237,27032.156270520318,27059.096933794674,252.54144999780692,247.4588000040967,259.0277999988757,43
215,29934.24436364302,29307.60555505613,30620.43376875285,18.53905000098166,16.760899998189416,21.688900000299327,43,26460.41405004229,26366.68225338133,26524.0192383424,253.19450000097277,246.24459999904502,258.304599999974,43
216,29796.116334622875,28926.84439114033,30387.430490006267,16.417599996202625,15.679699994507246,20.99409999937052,44,26545.298213693994,26504.138061382455,26641.338569087584,254.7988499973144,248.7503999946057,263.50059999822406,44
217,29943.491063075933,28974.85530661417,30511.841145349885,17.47530000284314,15.606200002366677,21.229500001936685,44,26780.203611571276,26691.238388413643,26902.484646080567,255.30114999855869,253.26119999954244,270.2309000014793,44
218,29991.02667324942,29291.541757882045,30674.193140411066,16.943649996392196,16.497299999173265,19.441199998254888,44,26594.074228118574,26473.371480351558,26790.729434198474,258.1977000008919,255.7502999989083,267.9963999980828,44
219,29893.998944024715,29403.202978497666,30409.880961223607,17.03550000092946,16.647500000544824,19.360900005267467,44,27544.851184072017,27425.938875060394,27942.468444109185,260.04315000318456,256.83050000225194,271.575999999186,44
220,29996.995676136783,29194.40194544096,30535.273033080768,16.961799999990035,16.45950000238372,18.694600003072992,44,27565.817232060363,27518.307952671377,27600.75581187792,263.0693999999494,257.57440000597853,287.39800000039395,44
221,30188.603282872526,29584.98507588633,31131.60131412109,19.620000002760207,17.237899999599904,25.91499999834923,45,27751.03246931932,27749.602260871616,27754.369622363964,285.59010000390117,261.7868000015733,332.867899996927,45
222,30164.354008246417,29717.78758133071,30968.54234504509,17.188500001793727,15.895099997578654,23.23669999896083,45,27314.57195846825,27284.556707713487,27338.614445774496,268.50000000194996,263.0235000033281,272.08970000356203,45
223,30269.648107250898,29779.639897620676,30797.175534920363,17.16679999663029,16.913699997530784,17.778600005840417,45,28138.434342112985,28101.273476605744,28182.144813478757,269.9962000006053,264.1132999997353,278.8866000046255,45
224,30396.46380437895,30063.46201133257,31146.801757184516,17.493200000899378,16.246200000750832,21.19200000015553,45,28357.95017447862,28186.648850966136,28533.961858854665,274.4542000000365,266.5084999971441,279.5165999996243,45
225,30878.212260802276,30183.15325859779,31395.029372196746,17.382099998940248,16.212499998800922,20.33849999861559,45,28440.037727863804,28288.456405357363,28744.698062804902,277.32704999652924,269.9355000004289,284.39390000130516,45
226,30752.013834012603,30204.39966705389,31358.332951714114,17.438599999877624,16.325700002198573,19.577099999878556,46,28057.24761250966,27849.12963588376,28153.3871926475,272.9970999971556,268.3566999985487,279.3327999970643,46
227,30764.15970616279,30040.56650669017,32268.233755290268,18.001400003413437,16.48410000052536,20.20980000088457,46,28431.304767720005,28400.88824800836,28451.582447527766,277.0095499981835,266.77660000132164,292.22219999792287,46
228,31026.696709564727,30306.096588554898,31580.977480687456,18.344449999858625,16.185299995413516,20.96410000376636,46,28072.307411552807,27972.467501517065,28269.30891735301,276.63544999450096,273.84429999801796,291.3827999946079,46
229,31164.55681287957,30524.56455427469,31867.9094321974,18.346799995924812,16.49669999460457,22.431600002164487,46,28340.370956641178,28062.206865850487,28552.457126624922,279.53305000119144,274.59100000123726,292.7729000002728,46
230,31237.10991830712,30659.430288973756,31993.58557700762,17.63675000256626,16.744200001994614,19.202800001949072,46,28323.601945278464,28323.601945278464,28323.601945278464,285.4868000031274,278.17070000310196,304.10310000297613,46
231,31546.7710584643,31056.335796031504,31993.476899906436,18.18595000077039,17.220599998836406,20.503100000496488,47,28405.992821831234,28405.992821831234,28405.992821831234,287.6749499992002,283.6416999998619,308.19440000050236,47
232,31641.49984781817,30631.739794821675,32315.903138926806,18.25355000255513,17.128999999840744,21.459299998241477,47,28284.123862813853,28113.981448338713,28852.950558600503,288.7714500029688,278.5150999989128,373.3557000014116,47
233,31758.457785188617,31263.818055499065,32606.8914173144,17.765200002031634,17.37190000130795,19.806900003459305,47,28708.907517781237,28575.00265956919,28820.82934200466,291.8573999995715,285.5333999978029,301.0969000024488,47
234,31777.387936005103,31267.386504727332,32266.75971738735,18.029399998340523,17.32330000231741,21.3177000041469,47,29256.99524113694,29183.605481700924,29455.941157217534,294.3244500020228,287.75540000060573,310.78680000064196,47
235,31670.928090760186,31247.831154547093,32319.170394661058,18.51765000174055,17.027099995175377,20.855099995969795,47,28948.97530853972,28668.430132228754,29202.128378625937,293.913599998632,288.86310000234516,298.4052000028896,47
236,31816.001625394125,31048.642973984424,32165.829873780203,18.49344999936875,17.489199999545235,22.086999997554813,48,28904.450509415194,28904.450509415194,28904.450509415194,296.6674499984947,289.863999998488,304.4328999967547,48
237,31733.25429504073,30738.549555331738,32469.103305364195,18.068950001179473,17.453100001148414,18.655200001376215,48,28539.561985099324,28369.419570624184,29108.388680885975,297.29375000169966,291.5861000001314,311.003000002529,48
238,32165.04064936454,31252.41830901892,33100.15532588555,18.875000001571607,17.658199998550117,26.97489999991376,48,29062.696937685774,28725.76666132679,29357.034523819006,301.22934999963036,294.59289999795146,308.6923000009847,48
239,32213.67263322437,31502.089168476465,32960.73757917009,18.37060000252677,17.656199997873046,19.29490000475198,48,28980.434910788874,28798.040228302125,29343.658792381397,302.21714999788674,295.66740000154823,313.6774000013247,48
240,32918.10409780182,32484.722487112667,33614.564945338265,18.676350002351683,17.891099996631965,19.141199998557568,48,29179.367524257505,28994.790257719076,29547.51608285739,324.04500000120606,304.1827999986708,345.82159999990836,48
241,32681.8961528051,31769.5418422084,33231.13137094126,18.33604999774252,17.54159999836702,20.872199995210394,49,29259.7231423717,29113.974173613267,29473.72346351833,311.06260000160546,302.51899999711895,344.3544999972801,49
242,32610.865899903874,31954.575728667984,33337.46812910097,18.85345000118832,17.55340000090655,19.401599995035212,49,29273.402613596238,29055.421407492737,29523.007062023295,310.2901500024018,304.69779999839375,312.7502999996068,49
243,32921.42299982869,31779.597766118928,33843.452980325776,18.441700001858408,17.55070000217529,21.54310000332771,49,29779.957064137805,29605.55064302105,30066.576621339143,316.4968499986571,313.4680000002845,323.93230000161566,49
244,33051.88559164752,32154.384327779524,33838.26900952405,19.129799999063835,18.27699999557808,20.466800000576768,49,30007.199915273035,29697.674697482973,30160.854500293026,318.24820000474574,311.7971999963629,324.6664000034798,49
245,33056.62002521919,32346.195780895392,33480.08220505312,19.267499996203696,17.706800004816614,28.11620000284165,49,30112.70850294004,29958.3594563387,30184.557395368665,320.34194999869214,313.92139999661595,324.49699999415316,49
246,33323.07279824291,32405.568049074594,33923.15470414265,19.196500001271488,18.447499998728745,20.574000001943205,50,29961.375612251508,29961.375612251508,29961.375612251508,324.4457999971928,316.3494000036735,342.487699999765,50
247,33359.22634655882,32688.19531813512,34172.27432963208,19.454550001682946,18.529200002376456,20.16410000214819,50,30069.13274299496,30036.869047753225,30099.189086288796,329.0924499997345,320.8385999969323,338.00589999736985,50
248,33789.87287021974,33092.24073718175,34964.00290571441,19.582450000598328,18.85970000148518,23.837499997171108,50,29894.548883215884,29894.548883215884,29894.548883215884,323.4786999964854,315.9744000004139,335.1875000007567,50
249,34173.26905214809,33338.56144424502,34957.61714085292,19.52529999834951,18.757099998765625,21.296999999321997,50,30703.96031502013,30641.010863562577,30921.120277416765,332.4102499973378,321.6113000016776,349.78180000325665,50
250,34021.07704253108,33352.398952974196,34934.15946156938,19.509699999616714,18.672300000616815,20.379900000989437,50,30920.109164643643,30707.50894454733,31195.18523239573,327.8650499996729,322.4354999983916,342.4213999969652,50
251,34121.79339077418,33743.582481109974,34400.914329763444,19.797799996013055,18.42410000244854,20.898300004773773,51,30853.689801545363,30655.864316737414,30888.865481425157,333.14885000072536,329.394799999136,348.9763999969,51
252,33994.28247873999,33355.43257074457,34677.2787938652,19.581599997763988,18.890500003180932,23.102400002244394,51,30473.53740480002,30463.53553522984,30486.68796211452,333.54845000212663,327.3918999984744,343.927399997483,51
253,34119.58983234854,33371.01729761952,34499.75904504716,19.878999999491498,19.098299999313895,23.00180000020191,51,31235.790061422067,31224.38840036239,31240.6764875905,344.89825000127894,333.4219000025769,389.05589999922086,51
254,34251.46543436072,33623.31801796972,34807.827474505764,19.914499996957602,18.848800005798694,22.261099999013823,51,31547.898646360856,31547.898646360856,31547.898646360856,342.5920999980008,336.1711999968975,345.8995000037248,51
255,34511.75588456665,33056.30138614229,35518.468407588945,19.440199997916352,18.30109999718843,22.669799996947404,51,31697.393949715504,31650.562858288245,31731.28807507018,346.79085000243504,339.32020000065677,365.2509000021382,51
256,34733.23314397461,33704.25774774267,35449.17619764073,20.497050001722528,19.286900002043694,24.67830000387039,52,32060.551494735388,32022.793690865776,32085.793617269177,352.4682999996003,345.75219999533147,360.163500001363,52
257,34623.60351338396,33549.422870763345,35635.840934637774,19.601950003561797,18.838500000128988,20.62619999924209,52,31286.487155822197,31079.63553735456,31533.33858011909,360.61625000002095,341.79869999934454,420.28489999938756,52
258,34907.5990991654,34002.29490064904,35767.10749149845,19.813549999526003,18.251799992867745,24.760000000242144,52,32203.694549574135,32041.659581215128,32480.41191754773,350.60900000098627,345.5340000000433,395.1627999995253,52
259,35206.6760331814,34298.01057575043,35705.98895200948,20.112499998504063,19.18479999585543,23.093399999197572,52,31727.823617608574,31622.51114727608,31936.358290462296,352.27704999851994,347.0297000021674,359.1950999980327,52
260,35185.23132799751,34457.438692413554,35972.51331952708,20.77880000069854,19.114499998977408,23.48599999822909,52,31692.350350367367,31518.3698331551,31743.715846848394,358.2839500013506,352.42960000323365,363.6345999984769,52
261,35242.535317585825,34541.5420029963,35829.3767454891,20.208999998430954,18.858300005376805,23.42500000668224,53,31211.21569467677,30951.681361048977,31372.948838809494,359.2953999977908,347.4337000006926,368.2245000018156,53
262,35213.0453922311,34646.29497180204,35982.89684919805,21.760749998065876,20.03289999993285,23.066400004609022,53,32613.314570761955,32613.314570761955,32613.314570761955,362.7038499980699,354.42029999830993,375.7506999972975,53
263,35338.49256382752,34500.933031335444,36119.22600461185,20.159349998721154,19.42579999740701,26.79109999735374,53,32917.94840346837,32727.80787887695,33239.79667628632,366.800850002619,358.45059999701334,378.96879999607336,53
264,35534.86201404512,34623.73475309062,36280.78443971514,20.098149998375447,19.30520000314573,20.900700001220684,53,32697.842950002258,32651.148525459954,32717.854846234673,364.7081499984779,359.11530000157654,376.039499999024,53
265,35667.58976091823,35352.001217465644,36259.82052635112,20.201100000122096,19.952700000430923,23.489700004574843,53,32562.21919138834,32344.363102902484,32931.5508634075,372.39585000133957,363.6897999967914,388.6689999999362,53
266,35722.02924666425,35025.742250134004,36303.656433527874,20.49434999935329,19.721700002264697,23.354699995252304,54,32467.55051911184,32354.06096267972,32599.77977936826,374.58410000181175,359.479899998405,379.3544000000111,54
267,35923.34653743327,35156.108283874,36252.71121720455,20.46849999896949,19.628000001830515,22.872499997902196,54,33049.930742905395,33040.8797169129,33071.04980355454,378.57104999784497,373.53520000033313,405.9199000039371,54
268,36265.86839557501,35521.54524776033,36760.38860627322,20.199750004394446,19.596099999034777,22.388699995644856,54,33048.578813071814,33039.52778707932,33069.69787372095,380.81254999997327,370.55140000302345,395.0005000006058,54
269,36145.576731237175,35706.3846424854,36717.59934818713,20.711450000817422,19.822199996269774,22.818899997218978,54,32874.35803971024,32655.777296494765,32971.987331133496,378.8782999981777,372.5810999967507,414.81690000364324,54
270,36280.90033095842,35752.9976207139,36904.31414576096,21.023400000558468,20.09130000078585,24.12039999762783,54,33029.79959146151,32998.21382394669,33073.45339363299,379.8923999966064,372.9204999981448,390.4432999988785,54
271,36362.278855112854,35508.943959253185,37645.270685491676,21.909199997026008,19.908299997041468,25.797499998589046,55,32906.049734376735,32792.47899186588,33027.51228348794,382.45200000164914,374.2421999995713,405.8143000002019,55
272,36555.866744377105,36030.48187023979,36937.17508466992,21.369699999922886,20.714799997222144,26.281700003892183,55,32904.404666697475,32626.906199335284,33190.066143719545,383.66115000098944,376.609400002053,399.90109999780543,55
273,36673.64160277236,36126.420314517985,37361.174307910806,21.453650002513314,19.918099998903926,26.283599996531848,55,33062.89171561336,33053.84068962087,33084.010776262505,392.0647500017367,385.93829999445006,398.05759999580914,55
274,36859.14204144023,35944.5749270063,37604.1780230037,21.074000003864057,20.099900000786874,25.544000003719702,55,33150.24174429714,33129.15926682541,33159.27709178503,395.52834999994957,388.23669999692356,460.48489999520825,55
275,36942.09529827791,36294.60538446724,37588.91724714009,22.13645000301767,20.7248000006075,23.83189999818569,55,33443.85059046514,33412.26482295032,33487.50439263662,397.9549500036228,390.0504999983241,403.99880000040866,55
276,37047.63738737931,36567.70699455314,37502.9719323677,21.021299999119947,20.272099995054305,24.220300001616124,56,33275.79593525162,33266.744909259134,33296.91499590076,395.16194999669096,388.4254000004148,400.72589999908814,56
277,37106.65994516322,36527.8482676274,37948.13225017634,22.03235000342829,20.233299997926224,25.823600000876468,56,33422.990920437296,33343.90354965622,33453.898498297676,398.475949998101,392.3181999998633,409.7148000000743,56
278,37562.370509882414,36911.74452704483,38135.84646063909,21.5282000026491,20.47830000083195,23.591000004671514,56,33508.79852528811,33379.89453705575,33675.19878090086,402.6046499966469,396.1224000013317,412.7617999984068,56
279,37408.47901726315,36895.384256866826,38144.540488532606,21.371999999246327,20.240099998773076,23.145600003772415,56,33383.0451349616,33377.21075512066,33396.6586879238,406.74364999722457,392.725599995174,419.2433999996865,56
280,37573.89925655546,37120.3532974913,38079.05944072245,21.7075999971712,20.439100000658073,23.084899999957997,56,33568.335571892014,33562.50119205107,33581.94912485422,411.5252999981749,404.29349999612896,420.48780000186525,56
281,37838.90966968253,37081.440890417085,38415.470876330925,21.87899999989895,21.011700002418365,25.37049999955343,57,33893.801740279945,33872.71926280821,33902.83708776783,409.17375000208267,401.09929999744054,424.6848999973736,57
282,37870.30651737942,36736.313147540925,38499.87076201231,22.4202499994135,20.512800001597498,27.825700002722442,57,34166.65525424522,34145.57277677348,34175.690601733106,417.81205000006594,408.36529999796767,429.57319999550236,57
283,38271.371785610565,37441.882936613416,39235.18875490019,22.12995000081719,21.24119999643881,30.31889999692794,57,33868.89100482352,33831.671759621124,33914.20052419086,417.7864999983285,412.68459999992047,429.3894000002183,57
284,38544.33906204641,37767.63151721426,39006.118115348196,22.507100005896064,21.583299996564165,28.04459999606479,57,34174.13374596619,34119.37971781879,34426.20985137522,422.3697999987053,418.0112000030931,437.6561000026413,57
285,38714.78202831153,38200.687640742806,39235.916682205345,22.04929999788874,21.261800000502262,25.037799998244736,57,34584.0642791622,34479.08588713439,34829.01386056042,426.62244999883114,419.29330000129994,434.6466999995755,57
286,38761.29972294821,38137.65303068144,39343.077603450976,23.093849998986116,21.486500001628883,26.446399999258574,58,34467.27830582805,34246.86609975609,34574.84215259743,434.09305000386667,421.9255999996676,492.9353999978048,58
287,38792.411270795994,38059.07120835512,39569.44142987019,24.6224499969685,22.507500005303882,28.428300000086892,58,34868.46452954625,34351.12227740681,35090.182637606005,428.72935000195866,419.98160000366624,480.3509000048507,58
288,39206.68171609637,38445.80182848204,39942.17179326649,22.86465000361204,21.55789999960689,25.046099995961413,58,35422.06867276548,34611.920737426466,35775.18968257221,433.70045000119717,427.3998999997275,438.7485999977798,58
289,39251.530756241395,38780.673388045994,40209.81765660786,22.458200000983197,21.56910000485368,25.731300003826618,58,35098.06478632331,35045.867489799304,35280.863855245865,436.1588499996287,427.20030000054976,447.37150000582915,58
290,39379.50793785324,38900.14212008832,40020.22836938735,22.655850003502565,21.653100004186854,25.200699994456954,58,35137.05835782191,35042.89938293656,35356.76263255438,438.7389500006975,429.72719999670517,444.76559999748133,58
291,39523.363484715344,38983.58342833619,40630.64494070801,23.10734999991837,21.462600001541432,33.35430000151973,59,35973.51221689921,35842.5966271071,36137.90087095221,442.4694000008458,432.7915000030771,452.6305000035791,59
292,39433.218856709354,38464.17342902417,40358.232042130454,22.6922999972885,20.958000000973698,27.83140000246931,59,35985.57540223957,35900.87550642023,36182.486244865104,446.3392500001646,439.5504999993136,457.3439000014332,59
293,39688.60594567214,39170.485594107326,40010.1882703075,22.768999999243533,21.268700002110563,25.263199997425545,59,35362.991527337545,35192.576850311845,35713.75905766612,447.6837499969406,441.26669999968726,457.1589999977732,59
294,39796.25317666774,39406.91831692256,40300.84199391676,23.075599998264806,22.197900005267,24.277800002892036,59,36456.84884293499,36423.75116273437,36511.675792133254,453.41499999994994,441.38460000249324,467.3700999992434,59
295,39823.25789792638,38300.20418892743,40665.31366712594,22.802750005212147,21.980400000757072,26.262899998982903,59,35937.28079648304,35811.08813955766,36075.541488065086,451.34265000160667,444.11549999495037,460.68849999574013,59
296,40009.10734331458,39021.42086870279,40992.13951428573,23.15065000220784,21.59380000375677,25.01450000272598,60,35742.63965552398,35610.69097077594,35914.53482184815,454.16384999771253,450.2571999983047,462.6289000007091,60
297,40210.85039064758,39326.82784289985,41100.32971131583,23.164999998698477,22.560400000656955,25.088200003665406,60,35860.182007167,35678.7209865706,36214.73844695486,462.325749998854,449.3182000005618,499.23839999974007,60
298,40421.63117814479,40013.897207410155,41146.854689438835,22.98624999821186,22.355399996740744,25.062299995624926,60,35652.27315885021,35421.64948328196,35875.07429264728,461.21655000388273,448.4461000029114,467.7242000034312,60
299,40281.02758483149,39502.56214605787,40719.98764016239,23.37795000130427,22.367799996573012,26.655500005290378,60,35964.91567192951,35743.257706742916,36104.08284036689,466.6456500017375,453.9338000031421,486.4566999967792,60
300,40598.64688260745,40162.997122896166,41372.91256636524,23.664950000238605,22.913500004506204,24.652400003105868,60,35738.735100764476,35569.787117449196,36132.94706183346,468.38949999801116,462.09900000394555,475.9208000032231,60
301,40586.89663542114,39818.16156882359,41337.695885230074,22.87660000001779,21.856300001672935,24.631699998280965,61,35784.3425420025,35735.92285433492,35905.867687772494,470.53890000097454,461.48669999820413,512.9572999940137,61
302,40693.24458669215,40141.9672111424,41393.75301370037,23.237699999299366,22.228800000448246,33.30690000439063,61,35632.57731333702,35422.69722519147,36033.777454106574,471.28650000013295,464.5267000014428,482.98090000025695,61
303,40631.00329945461,40155.0211105634,41191.80104689318,24.82995000173105,22.213999996893108,27.59689999948023,61,36506.85262483484,36414.205345241375,36759.933785658,473.0413500001305,466.8101999995997,485.13540000567446,61
304,40858.37780865593,39983.09518147465,41858.01992793663,23.357649995887186,23.020000000542495,26.72090000123717,61,36437.926277744366,36405.709204462924,36458.64614367025,482.103050002479,463.9052999991691,488.89819999749307,61
305,40747.586127318675,39682.15369456313,41656.04421363762,23.174699996161507,21.76500000496162,26.9410999972024,61,36384.98343900676,36304.96805631458,36571.685998621855,479.032899998856,467.76580000005197,491.4502000028733,61
306,40874.595335860184,39909.44886454039,41762.60694460521,24.040349999268074,23.011099998257123,25.964499996916857,62,37065.284465621626,36926.0166517558,37221.32089560092,482.8993500013894,468.1825999941793,497.5336999996216,62
307,41105.68270948011,40196.7662782333,41679.099315390304,23.806699995475356,22.17899999959627,27.397100006055553,62,36743.04715428798,36588.820319928294,36907.75040164593,489.2213000021002,480.1780999987386,504.16849999601254,62
308,41347.785340305774,40904.12004980147,41915.77133795822,23.99150000201189,22.84700000018347,28.87699999700999,62,36777.02583404024,36690.03517449268,36962.37085000929,486.6147499997169,477.63080000004265,498.7196000001859,62
309,41274.60475097469,40392.28483161295,41965.961780358295,23.660049999307375,23.180199998023454,30.518899999151472,62,36457.612375810495,36297.838602614574,36596.52334437949,491.78219999885187,478.6705000005895,499.33600000076694,62
310,41341.460920640464,40774.74607877334,41878.105816518444,23.729799999273382,23.143099999288097,27.32800000376301,62,36943.0984726795,36924.43052552517,36960.209861754,496.2014500015357,482.1235000054003,502.378500001214,62
311,41493.02827648059,40798.44070204526,42190.68029347887,25.0659999983327,22.477600003185216,27.372299999115057,63,37128.96148780658,37068.545845736415,37335.588465529676,500.31030000172905,496.30720000277506,522.8736999997636,63
312,41344.324608876246,40192.20900669891,42367.39905144114,24.55365000059828,23.079800004779827,27.34710000368068,63,36580.920624540086,36313.196935333974,36827.244157849644,501.26520000048913,494.76559999311576,530.517700004566,63
313,41658.375273019425,40513.60719785305,42502.31514824045,23.31955000408925,22.24440000281902,26.049400003103074,63,36741.29958913866,36508.506240727416,37220.84546303218,500.89440000010654,487.9501000032178,524.9461999992491,63
314,41494.83710876476,40390.518002792924,42267.638281363375,24.19355000165524,22.681700000248384,30.784300004597753,63,37329.60177613222,37174.20648119109,37475.27604342669,508.5875999975542,498.3706999992137,542.1964999986812,63
315,41558.768787173845,40720.58220808764,42352.669682342894,24.524050000763964,23.138600001402665,26.139599998714402,63,36865.26918382553,36614.06425304493,37031.11234943601,502.4304500002472,500.46470000233967,577.4487999951816,63
316,41665.25593340187,40931.38589669864,42923.061999205005,24.524149997887434,23.46160000161035,28.207999996084254,64,37208.94773502644,37000.48940446996,37419.03394650235,508.1582000020717,499.3506999962847,518.321499999729,64
317,42140.21607943111,41274.13938421647,43386.879209938874,24.22234999903594,23.53630000288831,26.12389999558218,64,36995.26908326993,36781.23996823956,37193.3152453233,515.8795500028646,509.89169999957085,536.8125000022701,64
318,42190.49783347627,41180.54480774324,43105.75048431933,26.175250004598638,23.50329999899259,28.175200000987388,64,37267.67078506709,36994.08489384498,37467.304181361316,515.1396500004921,506.549299992912,526.4881999974023,64
319,42247.41862819636,41076.750844802984,43088.13293684105,25.10279999478371,23.308999996515922,28.613999995286576,64,37943.33871030348,37790.95642445581,38026.03760024793,518.0889000002935,515.0145000006887,535.8884000015678,64
320,42566.54126953078,41500.69248240059,43229.678497507775,26.185449998592958,23.527900004410185,28.722399998514447,64,37978.866835700435,37847.06411116463,38123.17824628545,527.6523000029556,519.8631000021123,610.275899998669,64
321,42589.245668862415,41692.23403880385,43544.552543605925,24.52495000034105,23.184800003946293,28.252800002519507,65,37331.183277221964,37098.24402291138,37463.94034403111,523.732799996651,516.1541000052239,543.128200006322,65
322,42845.763125242374,42016.0861895204,43623.736533517826,24.75129999947967,23.482899996452034,31.76309999980731,65,37459.95908401053,37293.96852607529,37634.19757293683,543.3895999995002,527.796499998658,593.4699999997974,65
323,42755.2689099971,41641.44309903891,43725.44632991735,25.201650001690723,23.321500004385598,30.215899998438545,65,37118.277598847875,36844.70483058082,37320.95855017528,528.9190000039525,520.0299999996787,552.6621999961208,65
324,42838.320227818076,42258.94443433422,44196.23773476641,27.46359999946435,24.048200000834186,29.69630000006873,65,37429.15685615891,37374.685536337376,37514.721216304235,533.5042000006069,522.8557999944314,541.2137000021175,65
325,43164.28638976884,42188.231110619876,44464.75414220358,25.613900001189904,24.321900003997143,28.490400000009686,65,38590.712333924734,38570.20478673967,38633.662629093946,534.8472999976366,528.2822000008309,572.6082000037422,65
326,43312.09752658767,42708.516481547354,44170.025077250626,24.75984999909997,23.946599998453166,29.06059999804711,66,38939.79698490182,38856.67552407459,39001.34029415926,537.973200000124,532.9581999976654,559.563300004811,66
327,43298.13391881315,42422.76143764808,44056.58757260967,25.722099999256898,24.27960000204621,33.442600004491396,66,39497.76182052743,39299.80599651027,39663.8433442036,543.7081499985652,537.8161999979056,556.3206000006176,66
328,43591.26192719469,43086.191986373815,44170.28650573941,24.910950000048615,23.39800000481773,26.49389999714913,66,39660.807508212834,39469.534765177945,39999.68088682912,544.248800000787,539.1133000011905,559.7553999978118,66
329,43616.123407622035,42886.1052935368,44761.71381284675,25.868500000797212,24.834399999235757,27.249999999185093,66,38479.949851109595,38431.82279655073,38547.80664203322,551.6978000014205,545.4389000005904,573.0411999975331,66
330,43788.93473639374,42962.05490207714,45079.91608751644,25.10890000121435,23.72800000011921,25.91750000283355,66,38683.49535883717,38527.47497417847,38864.83031324,551.1173500017321,537.9081000064616,569.7885999979917,66
331,43817.11385138884,43247.19584344176,44263.488092639156,25.284399998781737,24.205699999583885,26.465099996130448,67,39182.62657273564,39116.47782438504,39356.261518121246,557.5828999972146,547.7809000003617,566.0072999962722,67
332,43990.289714246945,43574.77125576419,44277.19968622092,25.08355000099982,24.447499999951106,28.427400000509806,67,39773.76439620234,39668.19890464883,40026.78957285428,568.6509499973909,555.3274000048987,623.1803000046057,67
333,44356.099802783625,43503.74029848026,45300.414147499934,29.50934999898891,27.10050000314368,32.433600004878826,67,40442.69210442462,40277.74984623126,40735.846805924666,575.2783499992802,561.622900000657,611.6155999989132,67
334,44254.97215176724,42972.139134232726,44995.158990324795,25.52089999880991,24.95039999485016,28.925800004799385,67,40439.52429652759,40259.49492189002,40550.14930709306,574.2446499971265,558.4425999986706,584.5179000025382,67
335,44612.937284789674,43405.70003124938,45103.71276358927,26.80434999638237,24.822999999742024,32.076499999675434,67,40328.47474336619,40153.241455289004,40475.262846635975,567.4064500053646,557.3690999954124,589.9386000019149,67
336,44584.5145856641,43596.03733957443,45279.74990499686,25.63659999941592,24.48770000046352,29.564399999799207,68,40384.3750094373,40128.1157660545,40599.15417342889,569.3547500013665,561.445300001651,578.2032999995863,68
337,44453.399812913995,43571.39963533646,45408.342768440285,26.128300003620097,24.64039999904344,28.69539999664994,68,40296.521137541306,40126.8866139329,40567.91421930186,579.8152000024857,569.344399998954,597.0072999989497,68
338,44714.15001893968,43844.07312849744,45744.57982854663,25.79824999702396,24.78260000498267,27.56480000243755,68,40033.87353171444,39803.593570909215,40177.464089296554,575.4054500030179,565.6998000049498,592.9703000001609,68
339,44920.76897607915,44287.4461845702,46051.850429321945,26.525400000537047,24.587699997937307,30.230199998186436,68,39853.45152519496,39543.84717982172,40067.73050092784,581.013549999625,573.5101000027498,592.0031999994535,68
340,44908.55149153652,43470.05960216234,46273.98657103879,26.07689999786089,23.926400004711468,30.062799996812828,68,40783.22536872031,40608.27617978593,40959.042941417654,590.3573500036146,579.0398999961326,600.3888999985065,68
341,44786.75573232505,43203.22054837684,45785.309175314935,25.973350002459483,24.696600004972424,28.165600000647828,69,39618.75262665008,39402.58485547254,39834.31601100901,591.4167500013718,581.425099997432,615.2318000022206,69
342,45363.356481781935,44431.59174911813,46244.23717015496,26.706650001870003,25.773499997740146,30.581899998651352,69,39601.20246232466,39479.04101903536,39668.66392718595,606.6271999989112,584.2359000016586,649.4877000004635,69
343,45397.41697009713,44682.14713387571,45958.73287946944,26.30305000275257,25.69000000221422,29.853499996534083,69,39728.12034355395,39543.89123663589,39967.910925638476,596.042450000823,591.1993999980041,635.0883999984944,69
344,45738.99157577711,44735.00264727471,46285.00625756494,26.90565000011702,25.17259999876842,30.27960000326857,69,39803.07713152742,39661.371764555275,39877.71638000751,599.7398500039708,590.649999998277,616.7128000015509,69
345,45865.64945695214,44952.426997580886,47355.75690943532,27.118050002172822,25.842800001555588,29.793900001095608,69,40140.75868364348,39977.55276316651,40251.621677867704,603.2272500015097,593.4058999991976,615.7056000010925,69
346,45826.60890849607,45111.91152849525,46545.09189464711,26.27465000114171,25.80830000079004,30.16419999767095,70,41712.403136277026,41494.08958308688,41863.83025955852,607.6050999981817,602.3898999992525,628.6384999984875,70
347,46129.834054186416,45599.82494464012,46704.138628602734,26.94330000304035,25.35419999912847,35.744399996474385,70,41815.90768934127,41597.59413615113,41967.334812622765,615.722899998218,604.805299997679,624.0120000002207,70
348,46115.49404184214,45186.36995588127,46817.7706587224,26.54699999766308,25.65409999806434,27.953799995884765,70,40470.68308535374,40338.90183672758,40583.305739238116,613.0774500015832,606.4382000040496,621.5602999945986,70
349,45988.174906290806,45410.255249724076,46910.69399878187,26.897750001808163,25.744599995960016,28.229700001247693,70,40395.551125758095,40169.001159070875,40497.41043374144,618.3306500024628,609.7747999956482,629.5102000003681,70
350,46129.8543562796,45701.96523911082,47018.32610860008,27.72785000342992,26.066500002343673,30.42559999448713,70,40817.951673087926,40648.09804274224,40923.56756632262,617.9674500017427,611.0583999980008,624.9661000038031,70
351,46391.03631757191,45718.893114423714,46833.58031335188,27.365099998860387,25.657799997134134,31.928500000503846,71,40844.092150290446,40694.8298402711,40934.846654263914,623.3407500003523,617.4241999979131,635.6431000021985,71
352,46417.1312846671,45691.01491346833,47226.85544191406,27.853650000906782,26.44980000331998,30.590200003643986,71,41981.93076890984,41805.07629026836,42095.70049608349,640.5264499990153,626.7169999991893,703.0177999986336,71
353,46704.20007548469,45994.58329056339,47305.93731623408,26.43720000196481,25.74789999925997,28.725700001814403,71,42626.29109386474,42478.19657871741,42848.50843251335,638.6863500010804,628.0917999974918,658.856599999126,71
354,46796.62512031314,45719.43177398627,48018.08848406546,27.986700002657017,26.022499994724058,30.000600003404543,71,42005.00218227796,41820.08401086079,42104.697572124904,635.8796500026074,628.8670000067214,650.7022000005236,71
355,46811.194225000145,46157.69238668977,47675.39484031853,28.5526999978174,26.665900004445575,30.87289999530185,71,42241.21588505094,42056.297713633765,42340.91127489788,641.5038999984972,632.6850000041304,662.5046999979531,71
356,46974.138573566604,45450.793511576565,47753.536008652525,28.393400003551506,26.736500003607944,35.55950000009034,72,42217.874987265306,42065.4013887366,42272.20897184157,645.9954500023741,637.443899999198,661.4991999958875,72
357,47244.58410359897,46302.74703350007,48264.39261850063,27.981749997707084,26.456200001121033,30.73009999934584,72,42432.273155587565,42300.96912025204,42508.833983236655,652.7863499977684,640.7268000039039,661.2345999965328,72
358,47590.386994922745,46726.88433281215,49136.202296851545,28.56719999908819,25.787899998249486,29.294599997228943,72,41479.62426494182,41313.33478331043,41750.79585032042,648.4538499971677,635.0617999996757,655.9047999980976,72
359,47796.71840945956,46690.56074736386,48749.602344343984,28.357999995932914,27.282600000035018,32.83319999900414,72,42640.608657947225,42469.44626107292,42887.404531736734,659.9744000013743,643.9604000042891,663.2094999949913,72
360,47668.3682905881,46580.927923704454,48972.71875697358,27.67390000008163,26.770600001327693,29.153600000427105,72,43140.010373673664,42923.285558309646,43229.35661145444,658.6258499992255,649.3018000037409,669.2134999975679,72
361,47774.329131609644,46915.597419209334,49019.37068804432,30.03280000484665,28.127900004619732,37.899999995715916,73,43585.85547857124,43474.11347894025,43704.11998353937,667.7863500008243,662.724400004663,685.9569000007468,73
362,48058.37897887737,47083.25932605131,49306.921713003656,27.431449998402968,26.10419999837177,28.862700004538056,73,43335.08953267001,43274.570273746984,43345.39167181702,674.0233999989869,659.7920999993221,688.1203999946592,73
363,48305.9998034612,47506.139742560066,49815.55329008866,28.765800001565367,26.78839999862248,33.14169999794103,73,42699.48564055122,42659.127433180816,42729.94883125086,676.1267500005488,671.955000005255,698.6961000002339,73
364,47918.51425374839,47163.10735356657,48724.23214364091,28.23185000306694,27.045700000599027,30.629100001533516,73,43260.72128460822,43220.36307723782,43291.18447530786,681.0401500042644,670.6638999967254,706.7865999997593,73
365,48175.25446426644,46976.83234514299,48745.07723609827,28.520250001747627,26.8729000017629,32.891100003325846,73,43566.716133476155,43526.35792610575,43597.1793241758,685.4369499997119,679.0446000013617,700.6220999974175,73
366,48253.70668195044,47650.282779705056,48924.48281156619,28.76089999699616,26.707400000304915,31.180800004221965,74,43143.73327198242,43060.55337790597,43340.314307637556,681.4597999982652,673.4561000048416,710.3623000002699,74
367,48458.29412914883,47822.0353214154,48790.046957491715,28.170699999463977,26.248200003465172,36.828099997364916,74,43576.49919338701,43464.75719375603,43694.76369835514,687.6567500003148,678.6584999936167,707.2468000042136,74
368,48691.27569061666,48152.652267432146,49364.92232276067,29.644149995874614,27.42030000081286,31.38339999713935,74,43724.313039632296,43622.86542980962,43887.79509590909,690.1241999985359,679.2134000061196,706.2550999980886,74
369,48868.74976800296,47785.903904159604,49608.954300472804,29.313399998500245,27.53080000547925,33.33510000084061,74,43381.53790278461,43314.510725694316,43398.92938177788,704.4161499979964,690.4728000008618,787.0679999978165,74
370,48983.50845612539,48126.81299704373,49732.45141818842,28.23145000002114,27.03569999721367,29.584699994302355,74,43939.185600410034,43766.59662537529,44144.663656362245,700.8844499978295,690.4295999993337,713.014299995848,74
371,48930.79241346477,48043.86537911968,49485.63557386926,28.295050000451738,27.087900001788512,30.25799999886658,75,44057.34599885106,43985.64807765914,44227.13576444227,703.0288999994809,692.2439000045415,714.0262999964762,75
372,49094.41755152606,48446.43070298299,49888.85641571444,28.67165000134264,26.663299999199808,34.13680000085151,75,44201.11920959118,44086.7659532959,44307.90174167478,703.830749996996,700.1648000004934,709.7017999985837,75
373,49615.60877506234,48751.07007872137,50318.18799240893,28.95745000205352,27.4585000006482,31.897900000330992,75,43854.80447791171,43787.77730082142,43872.19595690499,718.9107999984117,707.4087000000873,733.5074999937206,75
374,49459.739509343366,48851.20922481989,51158.455164608706,28.441799997381167,27.17270000721328,33.41360000194982,75,44013.18444129063,43799.35529256178,44146.29307007422,719.8179000006348,702.0369000019855,776.8912000028649,75
375,49751.606927117275,49166.87869061709,50402.889656628315,30.979499999375548,28.991999999561813,34.606799999892246,75,44171.00435107445,43889.31194171598,44477.59051545908,720.1059500002884,707.2636000011698,730.239900003653,75
376,49805.864447478794,48817.29994200959,50693.74792840162,28.627550000237534,27.5268999976106,30.515700003888924,76,43996.92680868113,43713.64271912885,44317.83809480999,720.6135500018718,711.9104000012157,730.5350999959046,76
377,49887.370938839966,48540.49706797065,51019.5262013266,29.519200001232093,27.106900000944734,33.53719999722671,76,43925.616848531885,43825.831595347496,44074.82030630071,723.2153000004473,710.7864999998128,745.8689999984927,76
378,50074.947575583705,49079.80869542195,51822.142331667084,28.573649997269968,27.539399998204317,35.52299999864772,76,44069.29825891384,43831.202439601744,44174.04496744583,726.8618499983859,717.2145000004093,736.5643999946769,76
379,50025.28185270113,49601.303527186225,50859.32235791027,29.461150003044168,27.900400004000403,31.43199999612989,76,43861.214125242186,43794.178657700264,43927.48411351245,726.3541999964218,723.3818999957293,742.595199997595,76
380,50122.1587662292,49469.095852244405,50876.17266459345,29.707199995755218,28.50889999535866,37.54340000159573,76,44572.43181010374,44508.888610043374,44620.52800506715,734.9090499956219,727.7797999995528,742.2511999975541,76
381,49947.99128153783,48783.19984576415,50488.118676214115,29.69044999917969,26.822600004379638,33.33009999914793,77,44487.68186067348,44365.52940135854,44553.22161566481,736.0641499944904,727.2735000005923,760.2487999974983,77
382,50356.54885662057,49414.630528519774,51028.6899247265,29.38480000011623,27.99339999910444,34.6616000024369,77,44311.541143756185,43955.09890811001,44403.113096117646,738.7989499984542,728.3570999934454,815.7471000013174,77
383,50653.81673807084,49598.21974024596,51141.52073996597,29.715100004978012,28.045500002917834,31.558099995891098,77,44399.41541701268,44078.94979557369,44486.98996779556,744.205350001721,736.3723000016762,768.5359999959473,77
384,50541.90069774164,49212.63497970419,51652.82254665799,29.1675500011479,27.7732999966247,36.52180000062799,77,44427.11448977588,44370.73327177332,44482.3726667971,746.2260500033153,739.5140000007814,765.1361000025645,77
385,50862.34693811002,49655.53308180437,52264.31950311623,30.593599996791454,28.77969999826746,34.62719999515684,77,45093.40471041855,45008.2537286201,45322.71432699759,754.8842999967746,744.2689000017708,836.118200000783,77
386,51137.94901503002,50526.59592028684,51916.46558834143,29.858549998607486,28.31710000464227,33.60429999884218,78,45229.22186329681,45128.35008823659,45600.01861923167,763.2148500015319,753.8983999984339,772.4287000019103,78
387,51225.539287344014,50881.30899880474,51958.90384346416,29.959200001030695,29.008400000748225,32.29030000511557,78,45246.45589848701,44987.89229520805,45341.917573364735,760.9276000002865,752.2740000058548,770.380900001328,78
388,51313.85326639687,50633.83077285901,52017.626656069864,30.388150000362657,28.909499997098465,32.87039999850094,78,45888.687921640114,45776.047390663145,46240.79345464189,760.7308999977249,754.1980000023614,790.7025999957114,78
389,51586.24197315304,50610.3974549721,52649.16057901727,30.330000001413282,28.68540000054054,35.91980000055628,78,45810.750588068484,45747.94437369249,45867.4666053816,766.6821999955573,756.4013000010164,789.1785999963759,78
390,51615.84809376644,50230.79678706936,52850.346871119924,29.756199997791555,27.713499999663327,32.306299995980226,78,46441.12518784839,46394.071136515195,46466.27241620199,779.309599998669,761.6779999952996,817.4136000016006,78
391,51546.062214706275,50175.156852671185,52881.079940408104,29.695100001845276,28.17219999997178,31.028700002934784,79,46443.754767578735,46353.72319476893,46591.92341296698,775.1303999975789,761.4443999991636,833.904099999927,79
392,51838.37462056799,50557.08551126013,52647.07438301343,30.597499997384148,28.571699993335642,34.04189999855589,79,46686.96046738254,46604.10048643942,46899.40473028453,789.7621500014793,777.3747000028379,814.0284000037354,79
393,51769.8634680811,50516.13235692321,52469.460554339734,30.816650003544055,28.17250000225613,42.72849999688333,79,46885.02062743335,46827.154909628756,46910.28400183097,786.4842499984661,774.6483000009903,806.2876999974833,79
394,52154.04138788976,51351.972727771295,53118.29630234871,30.59209999992163,29.974000004585832,38.95069999998668,79,46397.70939552385,46336.49352358628,46450.714613813994,787.3828499978117,775.7305999984965,881.7345999996178,79
395,52269.243785128565,51449.47941329232,52928.643474900106,30.51979999872856,28.314199997112155,34.411499997077044,79,46911.41165842116,46863.081922052144,46942.70596073746,796.2764000003517,786.1803999985568,803.1301999944844,79
396,52150.53912168647,51530.5173252442,53009.93950611073,30.103899996902328,29.0409000008367,34.90400000009686,80,46547.10427359994,46407.52997986425,46655.47817883491,796.1698499966587,788.2150000004913,907.1027999962098,80
397,52487.17146164905,51652.45954556449,53583.976150396484,31.788750002306188,29.39150000020163,36.13549999863608,80,46862.381701324666,46769.76578074416,47086.580799357194,799.7821000026306,787.8532000031555,816.1335999975563,80
398,52787.00053879647,51885.17866357399,53879.06928010394,30.41694999774336,29.32189999410184,34.988900006283075,80,46991.36567163729,46898.749751056785,47215.56476966982,799.6730500017293,789.843500002462,814.7190999952727,80
399,52583.51577612589,51376.803998950294,53584.64226077104,31.151349998253863,29.24699999857694,33.81450000597397,80,46958.64378615006,46839.50257378216,47058.38276896641,805.8087000026717,794.4388000032632,914.9281999998493,80
400,52691.185073761786,51533.41331679999,53683.83915474153,33.70495000126539,31.90250000625383,37.802800005010795,80,46838.84576332875,46748.87437269297,46910.40959405834,802.5708999957715,791.375099994184,831.0559000019566,80
